tweezerman,A+
vancity,A+
wholesome sweeteners,A+
wholesoy,A+
working assets,A+
recycline,A+
seeds green print,A+
straus family,A+
straus family creamery,A+
sunrise banks,A+
sweetriot,A+
tap / filtered,A+
terracycle,A+
terrapass,A+
theo,A+
onepacificcoast,A+
only natural pet store,A+
organic pastures,A+
organic prairie,A+
oxo brite,A+
pangea organics,A+
peace coffee,A+
pete & gerry's,A+
plum organics,A+
preserve,A+
pura vida,A+
local farmers markets,A+
local vineyards,A+
lotus foods,A+
luna,A+
luna pads,A+
lydia's organic,A+
mary's gone crackers,A+
moka joe,A+
new leaf,A+
new resource bank,A+
numi,A+
nutiva,A+
gladrags,A+
green forest,A+
greenline,A+
grounds for change,A+
guayaki,A+
hemp bliss,A+
henry & lisa's,A+
higher grounds,A+
kimpton hotels,A+
local bakery,A+
choice,A+
credo mobile,A+
csas,A+
dean's beans,A+
divine,A+
druide,A+
earth friendly,A+
eco teas,A+
ecolips,A+
eileen fisher,A+
envirokidz,A+
farmers markets,A+
food co-ops,A+
frontier,A+
king arthur,A+
adina,A+
alta gracia,A+
annie's,A+
aubrey,A+
aubrey organics,A+
better world club,A+
better world telecom,A+
biobag,A+
blue dolphin,A+
cafe campesino,A+
canaan fair trade,A+
klean kanteen,A+
clif,A+
eo,A+
nature's path,A+
gdiapers,A+
nancy's,A+
maggie's organics,A+
eden foods,A+
dansko,A+
altereco,A+
dr. bronners,A+
method,A+
equal exchange,A+
traditional medicinals,A+
ecover,A+
new belgium,A+
seventh generation,A+
organic valley,A+
patagonia,A+
wolaver's,A
world's best eggs,A
zhena's gypsy,A
zia,A
turtle island,A
vegenaise,A
vital choice,A
vital farms,A
wikipedia,A
wild pacific,A
wild planet,A
wildcatch,A
wildwood,A
swheat scoop,A
teva,A
thanksgiving,A
the green office,A
the honest company,A
the keeper,A
therafit,A
timberland,A
tofurkey,A
tofurky,A
tulsi,A
simply organic,A
sjaak's,A
sole rebels,A
st. john family,A
steaz,A
striped bass,A
sugarmade,A
sunshine burgers,A
simple shoes,A
rebinder,A
redwood hill,A
rishi,A
salmon (wild alaskan),A
sambazon,A
san-j,A
schultz,A
sencha,A
sencha natural,A
shaman,A
sierra nevada,A
old friends,A
oregon chai,A
oregon soap co.,A
organic india,A
peapods,A
pelican's choice,A
pizza fusion,A
planet,A
rapunzel,A
reach & teach,A
mountain green,A
mozilla,A
mussels,A
native energy,A
native foods,A
naturally playful,A
new chapter,A
newton running,A
no enemy,A
nubius,A
old fashioned milk paint,A
kombucha botanica,A
la rocca,A
larry's beans,A
lazy 69,A
living tree,A
local tofu,A
mackerel,A
maine root,A
moon cup,A
hazelnut kids,A
healthy times,A
hempy's,A
herbs of grace,A
i am enlightened,A
jim's organic,A
juniper ridge,A
keedysville,A
kiss my face,A
frey,A
frog's leap,A
gaiam,A
glee gum,A
golite,A
green zabiha,A
greenchoice,A
greenerprinter,A
greenhome,A
happy baby,A
ecologic,A
ecos,A
emerald valley,A
endangered species,A
ethical ocean,A
etsy,A
evos,A
fantastic foods,A
fetzer,A
firefox,A
first green bank,A
citra-solv,A
city first,A
coco-zen,A
colorganics,A
couchsurfing intl,A
craigslist,A
davidson's organics,A
deva,A
diva cup,A
earth mama,A
earth tones,A
earthbound farm,A
body crystal,A
boloco,A
bumblebar,A
burgerville,A
burroughs family,A
cafãƒâ© mam,A
caffe ibis,A
carbonfund,A
change,A
chipotle,A
aura cacia,A
auromere,A
autonomie,A
aveda,A
b.good,A
better world books,A
bhakti,A
biokleen,A
bison,A
bob's red mill,A
alternatives fcu,A
alvarado st bakery,A
alvarado street,A
amy's,A
amy's kitchen,A
annie's naturals,A
arbor teas,A
arctic char,A
air therapy,A
albina,A
alexandre kids,A
alpsnack,A
weleda,A-
westsoy,A-
whole foods,A-
woodstock farms,A-
working assets cc,A-
xerox,A-
xyliwhite,A-
youtube,A-
yves,A-
zola,A-
stonyfield farm,A-
sun flour baking co,A-
tender care,A-
think,A-
tofutown,A-
tom's of maine,A-
tushies,A-
twin oaks,A-
unisoy,A-
vermont bread co.,A-
vermont soy,A-
rudi's organic,A-
shelton's,A-
silk road,A-
sipp,A-
small planet,A-
so delicious,A-
speakeasy,A-
spectrum,A-
spicely,A-
st. claire's,A-
stahlbush,A-
oogave,A-
oregon's wild harvest,A-
organic baby,A-
organic essentials,A-
organic girl,A-
organic planet,A-
purely decadent,A-
purity,A-
raincoast,A-
raw advantage,A-
rising moon,A-
mrs. meyers,A-
napa valley,A-
native forest,A-
natracare,A-
nature's choice,A-
nature's way,A-
niman ranch,A-
now,A-
now foods,A-
olivia's,A-
larabar,A-
larkburger,A-
late july,A-
le pan quotidien,A-
lifeway,A-
local coffee shops,A-
local microbreweries,A-
maxim,A-
mba brand,A-
moosewood,A-
herman miller,A-
honest tea,A-
honestkitchen,A-
hp,A-
julie's organic,A-
kopali,A-
kunde estate,A-
lake champlain,A-
lakewood,A-
follow your heart,A-
food for life,A-
garden time,A-
google,A-
great harvest bread co.,A-
great northern,A-
green america cc,A-
green cuisine,A-
grimmway farms,A-
happy planet,A-
helios,A-
doctor kracker,A-
down to earth toys,A-
dr. hauschka,A-
earth water,A-
eco toy town,A-
edward & sons,A-
eel river,A-
ener-g,A-
ethnic gourmet,A-
farmsoy,A-
five dot ranch,A-
cabot,A-
cal-organic,A-
chill,A-
chrome,A-
cisco,A-
coleman,A-
columbia gorge,A-
coombs,A-
country save,A-
crofter's,A-
diestel,A-
ben & jerry's,A-
bio pac,A-
bionaturae,A-
blue horizon organic,A-
boomi,A-
bossa nova,A-
brighter planet cc,A-
brown cow,A-
bunny luv,A-
alden's,A-
allen's naturally,A-
alma rosa,A-
alternative baking co,A-
american apparel,A-
apple & eve,A-
applegate farms,A-
barbara's,A-
wholly wholesome,B+
wilcox,B+
terra,B+
terra nostra,B+
tofu shop,B+
tropical source,B+
tru whip,B+
uinta,B+
v-dog,B+
vermont bread co,B+
wallaby,B+
walnut,B+
walnut acres,B+
westbrae,B+
santa cruz organic,B+
sobon estate,B+
southwest,B+
soy/rice/almond dream,B+
soyboy,B+
st. francis,B+
starbucks,B+
stiebrs,B+
sunergia,B+
sunspire,B+
tao of tea,B+
samuel smith's,B+
santa barbara,B+
radius,B+
rainbow light,B+
raw revolution,B+
rebar,B+
rice/soy/almond dream,B+
ricoh,B+
ricola,B+
rodney strong,B+
safari,B+
nile spice,B+
o'cocos,B+
organicville,B+
pacific,B+
pacific natural,B+
peace cereal,B+
petguard,B+
prana,B+
probar,B+
pure pacific,B+
mighty leaf,B+
mohawk,B+
monster,B+
mountain sun,B+
nasoya,B+
natural dentist,B+
nature's gate,C
nau,B+
newman's own,B+
lesser evil,B+
levi's,B+
lifetree,B+
linda mccartney,B+
little bear,B+
lundberg,B+
mac,B+
maranatha,B+
marks & spencer,B+
ian's,B+
imagine,B+
immaculate,B+
intel,B+
ios,B+
jason,B+
jãƒâ¤sãƒâ¶n,B+
jetblue,B+
k-cup,B+
kern's,B+
keurig,B+
green giant,B+
green mountain,B+
hain,B+
halo,B+
hansen's,B+
health valley,B+
herbthyme,B+
hodgson mill,B+
hollywood,B+
ella's kitchen,B+
farmers hen house,B+
feline pine,B+
florida crystals,B+
fresh tofu,B+
frutstix,B+
fuchs,B+
gap,B+
garden of eatin',B+
ginger people,B+
giving nature,B+
good karma,B+
central soyfoods,B+
cloud nine,B+
clover stornetta,B+
crispy cat,B+
deboles,B+
deja shoes,B+
dell,B+
dr. harvey's,B+
earth's best,B+
ecodent,B+
egg innovations,B+
bearitos,B+
birkenstock,B+
blue sky,B+
born free,B+
bota box,B+
bragg's,B+
bwc,B+
casbah,B+
cascadian farm,B+
celestial seasonings,B+
ace hardware,B+
acres,B+
ah!laska,B+
alba,B+
allagash,B+
almond/rice/soy dream,B+
android,B+
apple,B+
arrowhead mills,B+
banrock station,B+
8th continent,B+
wegmans,B
wheaties,B
yoplait,B
zappos,B
zensoy,B
zuke's,B
zum bar,B
zuzu,B
tork,B
tostitos,B
total,B
totino's,B
toyota,B
trader joe's,B
tropicana,B
trout,B
ultrabrite,B
von's,B
wd-40,B
spot shot,B
spree,B
squid,B
stacy's,B
staples,B
suavitel,B
sun chips,B
sunoco,B
texas instruments,B
tilapia,B
smart balance,B
smart/earth balance,B
smartfood,B
snow crab,B
sobe,B
softsoap,B
sole,B
speed stick,B
sauder's,B
saunders,B
scallops,B
scion,B
sensible choice,B
shaklee,B
shikai,B
sierra mist,B
slice,B
renaissance,B
rice-a-roni,B
ritz carlton,B
rogue,B
rold gold,B
ruffles,B
sablefish,B
sabra,B
safeway,B
sappo hill,B
sardines,B
progresso,B
propel,B
pure & basic,B
pureology,B
pyramid,B
quaker,B
raley's,B
red wing,B
rei,B
palmolive,B
pasta roni,B
paul mitchell,B
paul penders,B
pepsi,B
perch,B
pillsbury,B
poise,B
prawn,B
near east,B
newman's own organic,B
nokia,B
noodles & co,B
nordstrom,B
old el paso,B
owens corning,B
oysters,B
pak n save,B
mountain dew,B
mountain equipment co-op,B
mountain meadows,B
mug,B
muir glen,B
murphy's oil,B
naked juice,B
natural balance,B
natural value,B
nature valley,B
lucent,B
lush,B
magic hat,B
marriott,B
marukan,B
mdx,B
medtronic,B
mennen,B
mi-del,B
mother's,B
kettle chips,B
kettle foods,B
kix,B
kodak,B
kotex,B
lava,B
lay's,B
lexus,B
liz claiborne,B
local credit unions,B
hugo,B
hurricane,B
ibm,B
in-n-out,B
irish spring,B
izze,B
kaiser permanente,B
karma,B
kendall jackson,B
goodnites,B
green & black's,B
h&m,B
hamburger helper,B
harpoon,B
heartland,B
honda,B
horizon,B
huggies,B
funyuns,B
gabriel,B
garden of life,B
gardetto's,B
gatorade,B
general mills,B
gold medal,B
golden grain,B
earth balance,B
earth/smart balance,B
ecco bella,B
fab,B
food should taste good,B
french rabbit,B
fritos,B
full sail,B
country hen,B
courtyard,B
cracker jack,B
dagoba,B
dhl,B
doritos,B
driscoll's,B
dynamo,B
cheetos,B
chex,B
chex mix,B
citre shine,B
cline,B
cold power,B
colgate,B
colombo,B
benziger,B
betty crocker,B
bisquick,B
black cod,B
body shop,B
bulgari,B
cascades,B
catfish,B
cheerios,B
anchor steam,B
annie chun's,B
aquafina,B
artemis,B
aunt jemima,B
avoderm,B
avon,B
baby magic,B
barramundi,B
abalone,B
acura,B
adobe,B
ajax,B
alaska air,B
alaskan,B
amd,B
amp,B
white wave,B-
windex,B-
wolfgang puck,B-
ziploc,B-
td bank,B-
tiaa-cref,B-
tofu/vegan/almond rella,B-
tree top,B-
treetop,B-
v8,B-
virgin,B-
vitasoy,B-
viva,B-
volkswagen,B-
volvic,B-
sierra designs,B-
silk,B-
simply fruit,B-
smucker's,B-
smuckers,B-
solgar,B-
soya kaas,B-
squarespace,B-
sun-maid,B-
sunkist,B-
sunsweet,B-
sutter home,B-
tazo,B-
recharge,B-
red vines,B-
republic of tea,B-
rw knudsen,B-
sainsbury's,B-
saratoga,B-
sc johnson,B-
scott,B-
scotties,B-
shout,B-
pepperidge farms,B-
petco,B-
pete's,B-
petro canada,B-
physician's formula,B-
pitney bowes,B-
pledge,B-
prego,B-
progressive,B-
purely cotton,B-
nec,B-
norelco,B-
north face,B-
novo nordisk,B-
nutribiotic,B-
o'soy,B-
ocean spray,B-
orbitz,B-
pace,B-
pepperidge farm,B-
lego,B-
lexmark,B-
ll bean,B-
matchbox,B-
mattel,B-
millstone,B-
minolta,B-
mr. bubble,B-
nationwide,B-
hot wheels,B-
hungry jack,B-
ikea,B-
illy,B-
ing,B-
jif,B-
kelty,B-
kleenex,B-
knott's,B-
konica,B-
laura scudder's,B-
horizon organic,B-
eddie bauer,B-
edge,B-
einstein bros.,B-
electrolux,B-
evian,B-
fantastik,B-
florida's natural,B-
frigidaire,B-
glade,B-
goober,B-
happy dog,B-
harris teeter,B-
chubb,B-
clearly natural,B-
co bigelow,B-
conair,B-
cottonelle,B-
crisco,B-
cuisinart,B-
cutter & buck,B-
dannon,B-
deutsche bank,B-
drano,B-
eagle brand,B-
baxter intl,B-
bentley,B-
bigelow,B-
billabong,B-
bon ami,B-
bruegger's bagels,B-
burberry,B-
campbell's,B-
canidae,B-
carbonneutral,B-
chaco,B-
american express,B-
audi,B-
wellness,C+
westin,C+
whirlpool,C+
widmer,C+
wyndham,C+
stash,C+
stop & shop,C+
stroh's,C+
sundown naturals,C+
super 8,C+
target,C+
toshiba,C+
turning leaf,C+
viactiv,C+
reebok,C+
rembrandt,C+
rockport,C+
samsonite,C+
schlitz,C+
seeds of change,C+
shaeffer,C+
sofitel,C+
spirit,C+
peet's,C+
playtex,C+
principal financial,C+
puma,C+
purell,C+
ramada,C+
reach,C+
red roof inn,C+
redhook,C+
nicole miller,C+
nike,C+
northern trust,C+
novotel,C+
nunn bush,C+
old milwaukee,C+
pabst,C+
panda,C+
parker,C+
lindt,C+
listerine,C+
luna di luna,C+
marcal,C+
maytag,C+
miele,C+
motel 6,C+
nature's own,C+
neutrogena,C+
new balance,C+
hyvee,C+
k2o,C+
kia,C+
kitchenaid,C+
klm,C+
knights inn,C+
kona,C+
krusteaz,C+
la brea,C+
la vie,C+
lindemans,C+
hallmark,C+
hanes,C+
haribo,C+
harrah's,C+
hawthorn,C+
hess,C+
high sierra,C+
holland america cruises,C+
howard johnson,C+
hulu,C+
hyundai,C+
earth first,C+
easyjet,C+
ebay,C+
ecco domani,C+
electronic arts,C+
ericsson,C+
food lion,C+
fresh & easy,C+
ghirardelli,C+
giant,C+
grgich hills,C+
groupon,C+
caribou,C+
castor & pollux,C+
champion,C+
chocolove,C+
citgo,C+
crayola,C+
days inn,C+
delhaize,C+
desert essence,C+
dmx,C+
dyson,C+
american eagle,C+
avaya,C+
aveeno,C+
bic,C+
biotta,C+
britannia,C+
burt's bees,C+
canon,C+
4 grain,C+
adidas,C+
admiral,C+
ahold,C+
air france,C+
aldi,C+
wisk,C
wonder,C
woodbridge,C
wordpress,C
xenergy,C
yaya's,C
yellowtail,C
yogi,C
zebra,C
zephyr,C
wellesse,C
werthers,C
wet & wild,C
wham-o,C
whitefish,C
whitman's,C
wish-bone,C
wahoo,C
wakefern,C
walleye,C
wasa,C
wausau,C
wawa,C
wb mason,C
weil,C
weis,C
welch's,C
veat,C
veggie patch,C
veggie/rice slice,C
vegilife,C
vlasic,C
vodafone,C
volvo,C
voss,C
wahl,C
uni-ball,C
uniden,C
unumprovident,C
us post office,C
usaa,C
utz,C
vagisil,C
valley fresh,C
van de kamp's,C
van de kamps,C
tripadvisor,C
triple leaf,C
true north,C
tupperware,C
twinlab,C
twitter,C
ubisoft,C
ugg,C
umbro,C
underwood,C
tic tacs,C
tillamook,C
tivo,C
tofutti,C
tommy hilfiger,C
tomtom,C
tony's,C
tootsie roll,C
tracfone,C
travelers,C
trinity,C
talenti,C
tapatio,C
tasty bite,C
tdk,C
teddie,C
tefal,C
tesoro,C
thomas',C
thrifty,C
tia rosa,C
sunbelt,C
sunlight,C
sunny delight,C
supernutrition,C
sure,C
surf,C
swanson,C
sweet 'n low,C
sweet earth,C
tabasco,C
talbot's,C
static guard,C
stella,C
sti mobile,C
subaru,C
success rice,C
sugar in the raw,C
summer's eve,C
sun,C
sun luck,C
sunbeam,C
soy moon,C
soyco,C
soymage,C
sparkletts,C
spice hunter,C
spike,C
square enix,C
sriracha,C
stanley,C
star,C
snyder's,C
solaray,C
solea,C
sorrell ridge,C
source naturals,C
sovereign,C
soy deli,C
soy joy,C
sinclair,C
singapore,C
smart car,C
smelt,C
smith's,C
snapper,C
snow's,C
snuggle,C
seagate,C
sega,C
sennheiser,C
sharpie,C
shasta,C
shop n save,C
shop rite,C
shrimp,C
salpica,C
sam's club,C
sandisk,C
sanford,C
santander,C
sargento,C
schick,C
saffola,C
sagra,C
sahale,C
salad time,C
sally hansen,C
salmon (all other),C
salomon,C
royal robbins,C
ruby tuesday's,C
russell stover,C
rutter's,C
ryobi,C
ryvita,C
saag's,C
safeco,C
rip it,C
ritter,C
robert's american gourmet,C
robertson's,C
rockfish,C
roman meal,C
rondele,C
ronzoni,C
radisson,C
raleys,C
raquel's,C
rayovac,C
ready pac,C
red baron,C
red bull,C
reed's,C
renault,C
reynolds,C
primal strips,C
prince,C
promax,C
pure n' gentle,C
pvh,C
qantas,C
quality inn,C
quickchek,C
quiktrip,C
racetrac,C
plantlife,C
plantronics,C
polaroid,C
pollock,C
pom,C
precious,C
prell,C
president,C
pretzel crisps,C
priceline,C
penta,C
pentax,C
pentel,C
peoplesoft,C
peugeot,C
phd,C
pilot,C
pioneer,C
pirate's booty,C
old mother hubbard,C
olivella,C
olympus,C
oroweat,C
ortega,C
pacific life,C
pamela's,C
pathmark,C
pavel's,C
nonna lena's,C
novell,C
nucoa,C
nugget,C
nulaid,C
nutella,C
nylabone,C
odwalla,C
oki,C
nature's life,C
nature's plus,C
nature's pride,C
neiman marcus,C
newcastle,C
nikon,C
nissin,C
no frills,C
myspace,C
nakano,C
nalgene,C
nalley,C
namco,C
native,C
natrol,C
nature made,C
nature's bounty,C
mrs. dash,C
mrs. fields,C
mrs. renfros,C
mrs. smith's,C
mt. olive,C
munchkin,C
murphy,C
muscle milk,C
mutual of omaha,C
mission,C
moe's,C
monkfish,C
mori-nu,C
morton,C
mountain high,C
moxie,C
mrs cubbison's,C
mrs. butterworth's,C
minute rice,C
metlife,C
mezzetta,C
micaelas,C
michael angelo's,C
michelina's,C
mike & ike,C
milton's,C
mini,C
marmot,C
martinelli's,C
maruchan,C
massengill,C
mastercard,C
matrix,C
mentos,C
merrell,C
met-rx,C
lu,C
lufthansa,C
magic chef,C
magnavox,C
mahatma,C
mahimahi,C
malt-o-meal,C
manischewitz,C
manishewitz,C
margaritaville,C
lender's,C
lenovo,C
lindsay,C
ling ling,C
lisanatti,C
litehouse,C
little debbie,C
log cabin,C
logitech,C
kozy shack,C
krups,C
kyocera,C
la croix,C
la cross,C
la quinta inn,C
land o' lakes,C
land o'lakes,C
langers,C
laughing cow,C
lean gourmet,C
judy's family farm,C
karo,C
keen,C
kensington,C
kenwood,C
kerrygold,C
kind,C
koss,C
jabra,C
jacob's creek,C
japan airlines,C
jarrow,C
jcb,C
jergens,C
joico,C
jolly time,C
jolt,C
jonny cat,C
joyva,C
husky,C
ice age,C
icelandic glacial,C
ikon,C
imation,C
inglenook,C
innova,C
irving,C
ito en,C
izod,C
j crew,C
hotels.com,C
hsbc,C
htc,C
hugo boss,C
humana,C
hungry man,C
hush puppies,C
hood,C
hoover,C
hawaiian,C
health is wealth,C
hefty,C
heineken,C
herring,C
hertz,C
hickory farms,C
hitec,C
home pride,C
guru,C
haddock,C
haier,C
haig's,C
halbrand,C
halibut,C
hannaford,C
harney & sons,C
hartz,C
hawaii,C
gold circle,C
gorton's,C
goya,C
graco,C
gringo,C
grundig,C
gucci,C
guiltless gourmet,C
gum,C
germ-x,C
gille,C
giovanni,C
glaum,C
glen ellen,C
glick's,C
glicks,C
gnc,C
go girl,C
fresh start,C
frontera,C
frs,C
fruitfull,C
fry's,C
fubar,C
fujitsu,C
garmin,C
genisoy,C
finesse,C
fiskars,C
fit smart,C
flav-r-pac,C
flounder,C
foster farms,C
franzia,C
freihofer's,C
freschetta,C
fresh food lion,C
expo,C
expressnacks,C
farmer's harvest,C
fellowes,C
ferrero rocher,C
fiat,C
fiberone,C
field roast,C
fiji,C
epson,C
ept,C
essentia,C
esurance,C
eveready,C
everlast,C
evo,C
expedia,C
ellesse,C
elmer's,C
emergen-c,C
emeril's,C
emilia,C
empire kosher,C
energizer,C
entenmann's,C
duck,C
dungeness crab,C
dunlop,C
dynasty,C
earthlink,C
earthrise,C
eat smart,C
ecco,C
econo lodge,C
eggology,C
dirty's,C
dogfish,C
dollar,C
dollar general,C
domino,C
dos equis,C
dr. mcdougall's,C
dr. oetker,C
dremel,C
droste,C
davinci,C
dc,C
de cecco,C
del,C
delicato,C
delonghi,C
denon,C
dep,C
dewalt,C
diesel,C
dirt devil,C
crawfish,C
cream of wheat,C
crew,C
cricket,C
crocs,C
crystal,C
crystal springs,C
cuddlesoft,C
cutex,C
daisy,C
coby,C
cod,C
coffee bean & tea leaf,C
columbia,C
columbia crest,C
comet,C
comfort inn/suites,C
costco,C
country hearth,C
country life,C
chino valley,C
chuck e cheese,C
ciao bella,C
cigna,C
circle k,C
claim jumper,C
clams,C
clarion,C
cloverleaf,C
cape cod,C
capital one,C
carlson,C
carnival cruises,C
carolina,C
cathay pacific,C
cedar's,C
celsius,C
challenge,C
charm's,C
chavrie,C
bsh,C
bush's,C
butter buds,C
c&h,C
c&s,C
c&w,C
cablevision,C
califia,C
calvin klein,C
camelbak,C
canola harvest,C
canoleo,C
breeder's choice,C
british airways,C
brother,C
blogspot,C
blue diamond,C
boboli,C
bogle,C
bonne maman,C
boston market,C
boulder,C
best western,C
biolage,C
biore,C
biosilk,C
biovail,C
bird's eye,C
birds eye,C
bissell,C
blistex,C
blizzard,C
b&m,C
ban,C
banana boat,C
bar harbor,C
barbasol,C
bare escentuals,C
barilla,C
bass,C
bawls,C
bear creek,C
benetton,C
best buy,C
armstrong,C
arnold,C
asahi,C
asda,C
astro,C
asus,C
athenos,C
atkins,C
avalon organics,C
b&g,C
alpine lace,C
american beauty,C
amica,C
amstel,C
andes,C
apex,C
applebee's,C
aquanet,C
archway,C
armani,C
armour,C
adirondack,C
aetna,C
airborne express,C
albertson's,C
alessi,C
all,C
all one,C
allstate,C
almaden,C
almond breeze,C
alouette,C
3com,C
5-hour energy,C
a&p,C
aaa,C
activision,C
adams,C
visine,C-
weight watchers,C-
winco,C-
thai kitchen,C-
thomas kemper,C-
travelodge,C-
twinings,C-
tylenol,C-
ultramar,C-
us bank,C-
valero,C-
visa,C-
stayfree,C-
sterling,C-
stop n go,C-
subway,C-
sunny d,C-
sunshine,C-
sylvania,C-
tata,C-
tejava,C-
soda stream,C-
sony,C-
spam,C-
special k,C-
spice islands,C-
splenda,C-
stagg,C-
starwood,C-
ry krisp,C-
samsung,C-
sanyo,C-
sas,C-
seattle's best,C-
sheraton,C-
siemens,C-
skywest,C-
snapple,C-
quorn,C-
raisin bran,C-
red robin,C-
regency,C-
rice crispies,C-
rogaine,C-
rolaids,C-
rubbermaid,C-
polar,C-
popeye's,C-
porsche,C-
price chopper,C-
princess cruises,C-
pringles,C-
quiznos,C-
oshkosh,C-
panasonic,C-
panda express,C-
papa john's,C-
papermate,C-
petsmart,C-
playmates,C-
playstation,C-
motrin,C-
ncr,C-
neosporin,C-
nivea,C-
nutrigrain,C-
o.b.,C-
office depot,C-
officemax,C-
mcneil,C-
meijer,C-
men's warehouse,C-
metro mint,C-
molson,C-
mondavi,C-
morningstar,C-
morningstar farms,C-
motorola,C-
little caesar's,C-
lotto,C-
lsi,C-
lubriderm,C-
macaroni grill,C-
maxell,C-
mazda,C-
mccormick,C-
keystone,C-
kikkoman,C-
koreanair,C-
krug,C-
la victoria,C-
lactaid,C-
lawry's,C-
linkedin,C-
jennie-o,C-
johnson & johnson,C-
jones,C-
k-swiss,C-
kashi,C-
keebler,C-
kellogg's,C-
go veggie!,C-
godiva,C-
herb ox,C-
hitachi,C-
holiday inn,C-
hormel,C-
ihop,C-
jamba juice,C-
famous amos,C-
farmer john,C-
fila,C-
fisher price,C-
frosted flakes,C-
fruit2o,C-
galaxy,C-
gardenburger,C-
genentech,C-
doubleclick,C-
dq,C-
dunkin donuts,C-
eggo,C-
enterprise,C-
ethos,C-
evenflo,C-
express,C-
expressjet,C-
coastal,C-
coors,C-
corbett canyon,C-
corn flakes,C-
crowne plaza,C-
crystal geyser,C-
decoster,C-
diamond shamrock,C-
dinty moore,C-
dom perignon,C-
cake mate,C-
carefree,C-
carlsberg,C-
chi chi's,C-
chicco,C-
chik-fil-a,C-
christian dior,C-
clean & clear,C-
cloudy bay,C-
beringer,C-
blossom hill,C-
bmw,C-
bob evans,C-
bonny doon,C-
bosch,C-
bourdreaux's,C-
boylan,C-
britax,C-
brooks,C-
avent,C-
band-aid,C-
beacon,C-
bear naked,C-
beech-nut,C-
belkin,C-
benadryl,C-
benecol,C-
aer lingus,C-
air canada,C-
air new zealand,C-
air tran,C-
aiwa,C-
all-bran,C-
american family,C-
arizona,C-
adolph's,C-
united healthcare,D+
viewsonic,D+
vizio,D+
western digital,D+
weyerhaeuser,D+
wr grace,D+
xtra,D+
yellow tail,D+
yoo-hoo,D+
superamerica,D+
suzuki,D+
t-mobile,D+
tetley,D+
tgi fridays,D+
thomson,D+
tilex,D+
toys r us,D+
tyco,D+
sherwin williams,D+
shredded wheat,D+
sonic,D+
sos,D+
speedway,D+
sperry,D+
squirt,D+
starkist,D+
stewart's,D+
stride rite,D+
ross dress for less,D+
s&w,D+
saab,D+
samuel adams,D+
schweppes,D+
scoop away,D+
scotch,D+
sephora,D+
sharp,D+
pounce,D+
quik stop,D+
radio shack,D+
ralph's,D+
rbs,D+
rc cola,D+
rca,D+
realemon,D+
rockstar,D+
ross,D+
pentland,D+
perdue,D+
philips,D+
pine sol,D+
pop secret,D+
post,D+
post-it,D+
milk bone,D+
mott's,D+
nature's goodness,D+
northwestern mutual,D+
oracle,D+
orangina,D+
oxi clean,D+
pak ã¢â€â˜n' save,D+
panera,D+
mass mutual,D+
mcafee,D+
mead johnson,D+
mentadent,D+
meow mix,D+
mercedes,D+
metropcs,D+
mgm mirage,D+
micron,D+
lavazza,D+
lg,D+
lipton,D+
liquid-plumr,D+
lucerne,D+
lululemon,D+
marathon,D+
keds,D+
keybank,D+
kibbles 'n bits,D+
kids r us,D+
king soopers,D+
korbel,D+
kroger,D+
l'orãƒâ©al,D+
land's end,D+
kc masterpiece,D+
hampton inn,D+
hardee's,D+
hidden valley,D+
hilton,D+
hires,D+
hostess,D+
ibc,D+
jelly belly,D+
jvc,D+
gallo,D+
gamestop,D+
gateway,D+
giant eagle,D+
glad,D+
good earth,D+
grape nuts,D+
green works,D+
h.e.b.,D+
fifth third,D+
first response,D+
flickr,D+
flying j,D+
food 4 less,D+
forever 21,D+
formula 409,D+
fresh step,D+
fuji,D+
full circle,D+
doubletree,D+
dr. pepper,D+
dutch boy,D+
eight o'clock,D+
embassy,D+
emerald,D+
enfamil,D+
fedex,D+
ferrari,D+
curel,D+
deja blue,D+
del monte,D+
denny's,D+
diamond,D+
dick's sporting goods,D+
diet rite,D+
comerica,D+
conrad,D+
contadina,D+
cox cable,D+
credit suisse,D+
crown prince,D+
crush,D+
cup-a-soup,D+
carl's jr.,D+
carlo rossi,D+
carter's,D+
charles shaw,D+
chase,D+
chicken of the sea,D+
church & dwight,D+
citizens,D+
clorox,D+
babies r us,D+
barefoot,D+
bausch & lomb,D+
bed bath & beyond,D+
black & decker,D+
blackberry,D+
blue moon,D+
bristol-myers squibb,D+
canada dry,D+
acme,D+
aim,D+
andre,D+
arm & hammer,D+
arrid,D+
ashland,D+
astrazeneca,D+
avis,D+
3m,D+
7-up,D+
9 lives,D+
a&w,D+
abercrombie & fitch,D+
vo5,D
wells fargo,D
willow run,D
wizard,D
wizards of the coast,D
woolite,D
yahoo!,D
yelp,D
tone,D
tonka,D
transformers,D
tresemme,D
tuna,D
twizzlers,D
ubs,D
unilever,D
union 76,D
ups,D
vanish,D
vaseline,D
victoria's secret,D
sprint,D
st. ives,D
state farm,D
suave,D
sugar twin,D
sunsilk,D
suntrust,D
superclean tosco,D
swordfish,D
tgi friday's,D
tiger's milk,D
skate,D
skippy,D
slim fast,D
smart ones,D
smurfit,D
spray'n wash,D
schering-plough,D
science diet,D
sea bass,D
shaw's,D
shedd's,D
shell,D
red lobster,D
red rose,D
reese's,D
resolve,D
rite aid,D
royal caribbean cruises,D
saks fifth avenue,D
saucony,D
save a lot,D
save mart,D
save-on,D
scharffen berger,D
play-doh,D
playskool,D
pond's,D
promise,D
prudential,D
pure & natural,D
q-tips,D
qdoba,D
qwest,D
ragu,D
ray,D
reckitt benckiser,D
nissan,D
novartis,D
olive garden,D
ore-ida,D
osco,D
outback steakhouse,D
parker brothers,D
peapod,D
pepsodent,D
perry ellis,D
phillips 66,D
phrma,D
maybelline,D
mazola,D
melaleuca,D
miller,D
milton bradley,D
milwaukee's best,D
molly mcbutter,D
mounds,D
mrs. grass,D
nerf,D
new york life,D
nexxus,D
lever 2000,D
liberty mutual,D
limited,D
lizano,D
lobster,D
long's,D
long's drugs,D
lord & taylor,D
lucky,D
lysol,D
marshall,D
mary kay,D
jc penney,D
jet,D
jewel,D
keri,D
kit kat,D
klondike,D
knorr,D
kohl's,D
l'oreal,D
lea & perrins,D
leinenkugel,D
henkel,D
henry weinhard's,D
hershey's,D
hudson's,D
hunt's,D
i can't believe it's not butter,D
imperial,D
infiniti,D
isuzu,D
jack daniel's,D
jack in the box,D
florsheim,D
foster's,D
french's,D
fruit of the loom,D
geico,D
golden griddle,D
good humor,D
grolsch,D
grouper,D
guess,D
guinness,D
hasbro,D
heath,D
dole,D
domino's,D
domtar,D
dove,D
easy-off,D
eggland's best,D
eli lilly,D
emerson,D
esprit,D
facebook,D
farmers,D
field,D
coast,D
conoco,D
converse,D
coppertone,D
country crock,D
cub foods,D
cvs,D
daewoo,D
degree,D
delta,D
dial,D
discover,D
dkny,D
cling free,D
chore boy,D
classico,D
clear blue easy,D
capstar,D
caress,D
carrabba's,D
cattlemen's,D
centurylink,D
charter,D
chiquita,D
blue crab,D
boise,D
boost,D
braun,D
breyer's,D
brummel & brown,D
burger king,D
calgon,D
barclay's,D
basf,D
berkshire hathaway,D
bertolli,D
best foods,D
bi-lo,D
bill blass,D
bj's,D
blue buffalo,D
aflac,D
almond joy,D
amgen,D
amway,D
anchovies,D
aol,D
avery,D
axe,D
bagel bites,D
acer,D
wesson,D-
wii,D-
zone,D-
sanofi,D-
selsun blue,D-
similac,D-
slim jim,D-
smithfield,D-
soft & dri,D-
soft scrub,D-
stella artois,D-
swiss miss,D-
tj maxx,D-
unisom,D-
van camp's,D-
wendy's,D-
peter pan,D-
poppycock,D-
powerbar,D-
premium standard,D-
purex,D-
reddi-wip,D-
revlon,D-
right guard,D-
rolling rock,D-
rosarita,D-
roundy's,D-
sak's,D-
mitsubishi,D-
mizuno,D-
modelo,D-
natural light,D-
nintendo,D-
orville redenbacher,D-
pacifico,D-
pam,D-
pamprin,D-
parkay,D-
pedialyte,D-
pediasure,D-
land o lakes,D-
lightlife,D-
lowe's,D-
lowenbrau,D-
marie callendar's,D-
marie callender's,D-
marshall's,D-
mayfield,D-
meadow gold,D-
merck,D-
merial,D-
michelob,D-
healthy choice,D-
heartgard,D-
hebrew national,D-
home depot,D-
icyhot,D-
imdb,D-
international delight,D-
international paper,D-
jiffy pop,D-
kirin,D-
l.a. looks,D-
la choy,D-
ensure,D-
farmland,D-
fiddle faddle,D-
fire,D-
fleischmann's,D-
foot locker,D-
fresh express,D-
frontline,D-
garelick farms,D-
gold bond,D-
goldman sachs,D-
gulden's,D-
hammermill,D-
cook's,D-
corona,D-
cortizone,D-
cracker barrel,D-
crunch 'n munch,D-
dairy ease,D-
david,D-
dennison's,D-
disney,D-
dry idea,D-
eckrich,D-
egg beaters,D-
banquet,D-
becks,D-
berkeley farms,D-
blue bonnet,D-
borden,D-
bp,D-
budweiser,D-
busch,D-
butterball,D-
chattem,D-
chef boyardee,D-
conagra,D-
alexia,D-
allegra,D-
almay,D-
alta dena,D-
amazon,D-
arby's,D-
arco,D-
asics,D-
aspercreme,D-
ast,D-
baby einstein,D-
20 mule team,D-
20 mule team borax,D-
act,D-
act ii,D-
chevron-texaco,F
walmart,F
kraft heinz,F
exxon-mobil,F
blue cross / blue shield,F
verizon,F
dow chemical,F
citibank,F
nestle,F
pfizer,F
general electric,F
general motors,F
zee,F
zephyr hills,F
zest,F
abbott laboratories,F
koch industries,F
comcast,F
monsanto,F
ford,F
coca-cola,F
at&t,F
microsoft,F
walgreens,F
warner brothers,F
whiskas,F
window,F
windows mobile,F
winn-dixie,F
wonka,F
wyeth,F
xbox,F
xfinity,F
yuban,F
unocal,F
us airways,F
vanity fair,F
vans,F
vault,F
velveeta,F
vf,F
vick's,F
vidal sassoon,F
vitamin water,F
vittel,F
time warner,F
toblerone,F
trapper keeper,F
trident,F
twix,F
ty-d-bol,F
tyson,F
ultra,F
uncle ben's,F
under jams,F
united,F
stove-top,F
sturgeon,F
sweet leaf,F
sweetarts,F
swiffer,F
tab,F
taco bell,F
tampax,F
tender vittles,F
tide,F
tidy cats,F
skittles,F
smart water,F
snackwell's,F
snickers,F
soft n' gentle,F
softly,F
south beach,F
sparkle,F
sprite,F
starburst,F
stouffer's,F
sanka,F
sara lee,F
saturn,F
save-a-lot,F
scope,F
sears,F
secret,F
sensodyne,F
shark,F
sheba,F
simply orange,F
skechers,F
skinny cow,F
quick stop,F
quilted northern,F
rainbo,F
ralph lauren,F
red oval,F
reef,F
revolution,F
roche,F
royal canin,F
s. pellegrino,F
safeguard,F
san pellegrino,F
pibb xtra,F
pizza hut,F
planters,F
poland spring,F
polident,F
poligrip,F
powerade,F
procter & gamble,F
publix,F
puffs,F
purina,F
qfc,F
ovaltine,F
ozarka,F
pampers,F
pantene,F
pc,F
pedigree,F
pepto-bismol,F
perrier,F
pert,F
perugina,F
pg tips,F
pharmacia,F
philadephia cream cheese,F
nutro,F
octopus,F
oil of olay,F
olay,F
old spice,F
one,F
one-a-day,F
oral-b,F
orange roughy,F
orbit,F
orchard supply hardware,F
oreos,F
oscar mayer,F
minute maid,F
miracle whip,F
mitchum,F
mr. clean,F
msn,F
nabisco,F
nerds,F
nescafe,F
nespresso,F
nestea,F
noxema,F
nutrasweet,F
macy's,F
mardi gras,F
marlin,F
mars,F
marshall fields,F
max factor,F
maxwell house,F
mcdonald's,F
mead,F
mercury,F
metamucil,F
milky way,F
lean cuisine,F
libby's,F
lifesavers,F
lincoln,F
live,F
loaf n jug,F
long john silver,F
louis rich,F
lucky's,F
luvs,F
m&m,F
m&ms,F
jimmy dean,F
joy,F
juicy juice,F
kenmore,F
kfc,F
king crab,F
kmart,F
knudsen,F
kool-aid,F
kudos,F
kwik shop,F
la gear,F
land rover,F
herbal essences,F
hill bros,F
hillshire farm,F
hot pockets,F
hummer,F
iams,F
ice mountain,F
internet explorer,F
ivory,F
jaguar,F
jansport,F
jeep,F
jell-o,F
gillette,F
glaceau,F
glaxosmithkline,F
gmc,F
good seasons,F
gourmet,F
grey poupon,F
gsk,F
gulf,F
hãƒâ¤agen dazs,F
halls,F
hawaiian punch,F
head & shoulders,F
foley's,F
folgers,F
fred meyer,F
fresca,F
friskies,F
full throttle,F
fuze,F
gain,F
ge,F
general foods,F
georgia-pacific,F
gerber,F
gevalia,F
fancy feast,F
fanta,F
febreze,F
five star,F
fixodent,F
flintstones,F
era,F
eskimo pie,F
esso,F
estee lauder,F
eukanuba,F
extra,F
dreft,F
dreyer's,F
duncan hines,F
duracell,F
eagle creek,F
earth grains,F
eastpak,F
edy's,F
eel,F
endust,F
envision,F
equal,F
dasani,F
dawn,F
day runner,F
day/nyquil,F
deer park,F
dentyne,F
dillard's,F
dillards,F
discount & department store brands,F
dixie,F
dodge,F
dog chow,F
downy,F
clinique,F
coffeemate,F
columbian,F
continental,F
cool whip,F
corn nuts,F
covergirl,F
craftsman,F
crest,F
crunch,F
crystal light,F
cub,F
capri sun,F
carnation,F
caviar,F
centrum,F
certs,F
chapstick,F
charmin,F
chateau ste michelle,F
cheer,F
chevrolet,F
chrysler,F
clairol,F
claussen,F
bold,F
bounce,F
bounty,F
bpm. glaceau,F
brawny,F
buick,F
buitoni,F
bull's eye,F
butterfinger,F
cadbury,F
cadillac,F
calistoga,F
cambridge,F
baja fresh,F
balance,F
ball park franks,F
bank of america,F
barq's,F
bayer,F
big lots,F
big red,F
bing,F
biz,F
bloomingdale's,F
boca,F
boca burgers,F
albers,F
alka-seltzer,F
alpo,F
always,F
american airlines,F
anbesol,F
angel soft,F
aquafresh,F
arrowhead,F
at-aglance,F
aussie,F
back to nature,F
3 musketeers,F
a1,F
abreva,F
acqua panna,F
advantage/tix,F
advil,F
after eight,F
aig,F
